timestamp,q_w,q_x,q_y,q_z
1769060515.6200638,,,,
1769060515.6700745,,,,
1769060515.8011208,,,,
1769060515.907815,,,,
1769060516.0117705,,,,
1769060516.1186597,,,,
1769060516.2242885,,,,
1769060516.3281329,,,,
1769060516.4346786,,,,
1769060516.5413895,,,,
1769060516.6470232,,,,
1769060516.7548048,,,,
1769060516.8622448,,,,
1769060516.9694211,,,,
1769060517.0749342,,,,
1769060517.1811333,,,,
1769060517.285917,,,,
1769060517.3922255,,,,
1769060517.4979324,,,,
1769060517.6032035,,,,
1769060517.708438,,,,
1769060517.8155077,,,,
1769060517.9203026,,,,
1769060518.02758,,,,
1769060518.1401057,,,,
1769060518.227831,,,,
1769060518.3338358,,,,
1769060518.440153,,,,
1769060518.5461154,,,,
1769060518.6524935,,,,
1769060518.7587757,,,,
1769060518.865273,,,,
1769060518.9708009,,,,
1769060519.0757005,,,,
1769060519.1827717,,,,
1769060519.2892027,,,,
1769060519.391984,,,,
1769060519.4988496,,,,
1769060519.6042058,,,,
1769060519.7092361,,,,
1769060519.814965,,,,
1769060519.922549,,,,
1769060520.0291727,,,,
1769060520.1352065,,,,
1769060520.2399926,,,,
1769060520.3462443,,,,
1769060520.4506056,,,,
1769060520.5567772,,,,
1769060520.6616154,,,,
1769060520.7671192,,,,
1769060520.8700233,,,,
1769060520.972815,,,,
1769060521.0745776,,,,
1769060521.1781597,,,,
1769060521.280594,,,,
1769060521.3833487,,,,
1769060521.4853356,,,,
1769060521.5892816,,,,
1769060521.6903245,,,,
1769060521.7950892,,,,
1769060521.8995342,,,,
1769060522.0062628,,,,
1769060522.1116838,,,,
1769060522.2182229,,,,
1769060522.3253706,,,,
1769060522.4324098,,,,
1769060522.53752,,,,
1769060522.644191,,,,
1769060522.7507641,,,,
1769060522.858668,,,,
1769060522.9648964,,,,
1769060523.0731328,,,,
1769060523.1852841,,,,
1769060523.2801974,,,,
1769060523.3858516,,,,
1769060523.4934118,,,,
1769060523.6002924,,,,
1769060523.7075748,,,,
1769060523.813001,,,,
1769060523.9215345,,,,
1769060524.0280478,,,,
1769060524.1359324,,,,
1769060524.242776,,,,
1769060524.347952,,,,
1769060524.4536366,,,,
1769060524.5580041,,,,
1769060524.6620357,,,,
1769060524.764947,,,,
1769060524.869365,,,,
1769060524.9738407,,,,
1769060525.0782213,,,,
1769060525.1839185,,,,
1769060525.2886364,,,,
1769060525.3938477,,,,
1769060525.4999564,,,,
1769060525.6068401,,,,
1769060525.7122247,,,,
1769060525.8190594,,,,
1769060525.925802,,,,
1769060526.0326853,,,,
1769060526.139327,,,,
1769060526.245627,,,,
1769060526.351198,,,,
1769060526.4581997,,,,
1769060526.5635192,,,,
1769060526.6701424,,,,
1769060526.7763588,,,,
1769060526.8832788,,,,
1769060526.9861197,,,,
1769060527.0924022,,,,
1769060527.1978621,,,,
1769060527.304401,,,,
1769060527.4096048,,,,
1769060527.51563,,,,
1769060527.6205108,,,,
1769060527.7266011,,,,
1769060527.8323436,,,,
1769060527.938138,,,,
1769060528.0441484,,,,
1769060528.1512232,,,,
1769060528.2592292,,,,
1769060528.358546,,,,
1769060528.4638748,,,,
1769060528.5692677,,,,
1769060528.673908,,,,
1769060528.777012,,,,
1769060528.8804567,,,,
1769060528.9841607,,,,
1769060529.0853932,,,,
1769060529.1879592,,,,
1769060529.2890394,,,,
1769060529.391394,,,,
1769060529.4914458,,,,
1769060776.9928236,-0.20068359375,-0.415771484375,-0.159423828125,0.87261962890625
1769060777.0605838,-0.201416015625,-0.4149169921875,-0.16015625,0.87274169921875
1769060777.1971388,-0.2027587890625,-0.413818359375,-0.162109375,0.87255859375
1769060777.301894,-0.204345703125,-0.41290283203125,-0.16253662109375,0.87255859375
1769060777.4095452,-0.2056884765625,-0.41119384765625,-0.16314697265625,0.8729248046875
1769060777.5161052,-0.20526123046875,-0.4088134765625,-0.16131591796875,0.87445068359375
1769060777.6231043,-0.20306396484375,-0.40606689453125,-0.1536865234375,0.87762451171875
1769060777.7286348,-0.1995849609375,-0.40374755859375,-0.148681640625,0.88037109375
1769060777.835761,-0.19403076171875,-0.4010009765625,-0.13958740234375,0.88433837890625
1769060777.9409194,-0.18414306640625,-0.39874267578125,-0.1256103515625,0.8895263671875
1769060778.048505,-0.17205810546875,-0.3988037109375,-0.112548828125,0.8936767578125
1769060778.1553462,-0.156982421875,-0.397216796875,-0.099853515625,0.898681640625
1769060778.2629406,-0.14599609375,-0.393798828125,-0.082763671875,0.90374755859375
1769060778.367046,-0.13128662109375,-0.39483642578125,-0.06390380859375,0.9071044921875
1769060778.4753249,-0.11419677734375,-0.39691162109375,-0.0411376953125,0.9097900390625
1769060778.5822427,1.89849853515625,-0.39764404296875,-0.0235595703125,0.91162109375
1769060778.6888962,-0.08587646484375,-0.39990234375,0.0,0.91253662109375
1769060778.794223,-0.07586669921875,-0.40191650390625,0.01385498046875,0.91241455078125
1769060778.9020815,-0.0693359375,-0.406005859375,0.02459716796875,0.910888671875
1769060779.0074065,-0.06390380859375,-0.4117431640625,0.03515625,0.90838623046875
1769060779.113871,-0.05780029296875,-0.4229736328125,0.04315185546875,0.90325927734375
1769060779.2196748,-0.05572509765625,-0.43206787109375,0.045654296875,0.89898681640625
1769060779.3262763,-0.053466796875,-0.44140625,0.0421142578125,0.89471435546875
1769060779.4316494,-0.05224609375,-0.4576416015625,0.03936767578125,0.88671875
1769060779.540556,-0.04986572265625,-0.47454833984375,0.0289306640625,0.8782958984375
1769060779.646503,-0.04791259765625,-0.48785400390625,0.02813720703125,0.87115478515625
1769060779.7542787,-0.04827880859375,-0.5008544921875,0.0247802734375,0.86383056640625
1769060779.8609488,-0.0498046875,-0.515380859375,0.015625,0.8553466796875
1769060779.9671073,-0.046630859375,-0.53448486328125,0.00579833984375,0.8438720703125
1769060780.0706513,-0.04150390625,-0.54644775390625,0.00946044921875,0.83642578125
1769060780.177363,-0.04022216796875,-0.55914306640625,0.007080078125,0.82806396484375
1769060780.283344,-0.0399169921875,-0.57720947265625,0.00567626953125,0.8155517578125
1769060780.3897707,-0.03521728515625,-0.59637451171875,0.00482177734375,0.80194091796875
1769060780.495666,-0.03485107421875,-0.61895751953125,0.0042724609375,0.78460693359375
1769060780.6032455,-0.02752685546875,-0.6302490234375,0.00885009765625,0.77587890625
1769060780.7093005,-0.0135498046875,-0.63568115234375,0.0186767578125,0.7716064453125
1769060780.8161576,-0.0057373046875,-0.638671875,0.02655029296875,0.76898193359375
1769060780.922517,0.00714111328125,-0.6298828125,0.052001953125,0.77490234375
1769060781.0302584,0.01788330078125,-0.61322021484375,0.07745361328125,0.785888671875
1769060781.1361759,0.026611328125,-0.6031494140625,0.095947265625,0.7913818359375
1769060781.2429461,0.0347900390625,-0.59814453125,0.11114501953125,0.7928466796875
1769060781.3492932,0.04730224609375,-0.58978271484375,0.129638671875,0.79571533203125
1769060781.455004,0.05902099609375,-0.58380126953125,0.14459228515625,0.7967529296875
1769060781.5601203,0.072998046875,-0.569580078125,0.16400146484375,0.80206298828125
1769060781.667082,0.0823974609375,-0.5614013671875,0.1737060546875,0.80487060546875
1769060781.7725039,0.0960693359375,-0.55615234375,0.181884765625,0.80523681640625
1769060781.8779507,0.10247802734375,-0.55450439453125,0.18634033203125,0.80450439453125
1769060781.9820914,0.1107177734375,-0.5538330078125,0.19287109375,0.8023681640625
1769060782.0893059,0.117431640625,-0.5537109375,0.20269775390625,0.799072265625
1769060782.1928332,0.12359619140625,-0.555419921875,0.2130126953125,0.79425048828125
1769060782.297074,0.1375732421875,-0.55255126953125,0.2288818359375,0.78955078125
1769060782.399694,0.14935302734375,-0.55340576171875,0.23394775390625,0.7852783203125
1769060782.5025704,0.1544189453125,-0.556640625,0.2427978515625,0.779296875
1769060782.6074717,0.16748046875,-0.5540771484375,0.2568359375,0.77392578125
1769060782.713041,0.18408203125,-0.54949951171875,0.2774658203125,0.76629638671875
1769060782.8165977,0.20147705078125,-0.54693603515625,0.2882080078125,0.759765625
1769060782.9230828,0.21002197265625,-0.550048828125,0.2957763671875,0.75225830078125
1769060783.0280988,0.213623046875,-0.547607421875,0.30810546875,0.748046875
1769060783.1314874,0.2276611328125,-0.54083251953125,0.3226318359375,0.74267578125
1769060783.2365081,0.242431640625,-0.53955078125,0.325927734375,0.73748779296875
1769060783.342173,0.25677490234375,-0.53668212890625,0.332275390625,0.7318115234375
1769060783.446833,0.26995849609375,-0.533935546875,0.33636474609375,0.72723388671875
1769060783.5509105,0.281494140625,-0.53314208984375,0.3402099609375,0.7216796875
1769060783.6549807,0.2896728515625,-0.5313720703125,0.34429931640625,0.7177734375
1769060783.758595,0.29998779296875,-0.5291748046875,0.3460693359375,0.71429443359375
1769060783.8607707,0.3123779296875,-0.52618408203125,0.35235595703125,0.70806884765625
1769060783.9632232,0.31689453125,-0.5262451171875,0.3580322265625,0.70318603515625
1769060784.0652046,0.32269287109375,-0.5242919921875,0.359375,0.7012939453125
1769060784.1679285,0.32537841796875,-0.524658203125,0.3582763671875,0.70037841796875
1769060784.2722406,0.3267822265625,-0.5264892578125,0.35760498046875,0.69866943359375
1769060784.3751876,0.3280029296875,-0.5284423828125,0.3564453125,0.69720458984375
1769060784.4773169,0.3306884765625,-0.5274658203125,0.35687255859375,0.69647216796875
1769060784.5808864,0.33355712890625,-0.52728271484375,0.35675048828125,0.69525146484375
1769060784.6836393,0.33526611328125,-0.531982421875,0.3538818359375,0.69232177734375
1769060784.7876654,0.33966064453125,-0.5382080078125,0.35028076171875,0.687255859375
1769060784.889641,0.343994140625,-0.55218505859375,0.34320068359375,0.677490234375
1769060784.9922414,0.34326171875,-0.56646728515625,0.34027099609375,0.66748046875
1769060785.0922492,0.3388671875,-0.57952880859375,0.34149169921875,0.65777587890625
1769060785.1946328,0.33349609375,-0.5919189453125,0.34307861328125,0.64862060546875
1769060785.295184,0.32940673828125,-0.60382080078125,0.3450927734375,0.63861083984375
1769060785.397428,0.3253173828125,-0.6114501953125,0.34844970703125,0.63153076171875
1769060785.4982066,0.32244873046875,-0.6195068359375,0.3519287109375,0.62322998046875
1769060785.6050189,0.31854248046875,-0.63018798828125,0.35662841796875,0.61175537109375
1769060785.6945724,0.3211669921875,-0.62786865234375,0.363037109375,0.60894775390625
1769060785.7958968,0.32635498046875,-0.61895751953125,0.37750244140625,0.60650634765625
1769060785.8955543,0.333984375,-0.60845947265625,0.3951416015625,0.60174560546875
1769060785.998869,0.34014892578125,-0.59979248046875,0.40789794921875,0.5985107421875
1769060786.0990484,0.34930419921875,-0.58380126953125,0.42572021484375,0.59661865234375
1769060786.1991925,0.35693359375,-0.5712890625,0.44036865234375,0.59356689453125
1769060786.2996361,0.36663818359375,-0.5506591796875,0.4520263671875,0.598388671875
1769060786.4002929,0.36962890625,-0.5345458984375,0.456298828125,0.6077880859375
1769060786.503571,0.364990234375,-0.51239013671875,0.46197509765625,0.6251220703125
1769060786.606412,0.36041259765625,-0.49639892578125,0.45782470703125,0.64349365234375
1769060786.7080102,0.360595703125,-0.47833251953125,0.45489501953125,0.658935546875
1769060786.8113732,0.36077880859375,-0.47064208984375,0.4476318359375,0.6693115234375
1769060786.9143507,0.35821533203125,-0.4635009765625,0.442626953125,0.67889404296875
1769060787.0181625,0.356201171875,-0.460693359375,0.4361572265625,0.68603515625
1769060787.1209254,0.35455322265625,-0.45465087890625,0.42572021484375,0.6973876953125
1769060787.2243712,0.34906005859375,-0.44622802734375,0.4140625,0.71246337890625
1769060787.3276052,0.34161376953125,-0.4234619140625,0.40496826171875,0.73480224609375
1769060787.4307754,0.337646484375,-0.4049072265625,0.39453125,0.75262451171875
1769060787.5335329,0.34051513671875,-0.384521484375,0.38470458984375,0.7669677734375
1769060787.638039,0.34088134765625,-0.36419677734375,0.375,0.7813720703125
1769060787.742676,0.33563232421875,-0.35113525390625,0.36328125,0.7950439453125
1769060787.8481176,0.33599853515625,-0.33551025390625,0.35528564453125,0.80517578125
1769060787.9530363,0.33734130859375,-0.32318115234375,0.34814453125,0.812744140625
1769060788.0592113,0.3389892578125,-0.3143310546875,0.34149169921875,0.818359375
1769060788.1622088,0.3365478515625,-0.306640625,0.33282470703125,0.8258056640625
1769060788.2669394,0.32257080078125,-0.2930908203125,0.3150634765625,0.84307861328125
1769060788.3703911,0.30828857421875,-0.2911376953125,0.2933349609375,0.8568115234375
1769060788.4746034,0.29473876953125,-0.297119140625,0.27337646484375,0.8660888671875
1769060788.5755975,0.2808837890625,-0.2979736328125,0.25445556640625,0.8760986328125
1769060788.6799946,0.26202392578125,-0.30364990234375,0.235595703125,0.88519287109375
1769060788.7843025,0.24407958984375,-0.302490234375,0.22235107421875,0.8941650390625
1769060788.8898807,0.21978759765625,-0.30792236328125,0.2047119140625,0.90277099609375
1769060788.9940405,0.197265625,-0.32208251953125,0.1817626953125,0.90789794921875
1769060789.0995986,0.1727294921875,-0.32806396484375,0.156005859375,0.91552734375
1769060789.205132,0.149658203125,-0.33367919921875,0.14056396484375,0.9200439453125
1769060789.309976,0.13232421875,-0.3349609375,0.1298828125,0.923828125
1769060789.416467,0.1142578125,-0.3330078125,0.12286376953125,0.9278564453125
1769060789.522771,0.09747314453125,-0.34136962890625,0.11163330078125,0.92816162109375
1769060789.62687,0.07904052734375,-0.35028076171875,0.10382080078125,0.927490234375
1769060789.7326622,0.0560302734375,-0.35614013671875,0.095703125,0.92779541015625
1769060789.8376226,0.03753662109375,-0.36431884765625,0.0787353515625,0.92718505859375
1769060789.944139,0.01416015625,-0.36822509765625,0.06805419921875,0.9271240234375
1769060790.0502577,-0.01226806640625,-0.36724853515625,0.05987548828125,0.9281005859375
1769060790.1565506,-0.03485107421875,-0.36968994140625,0.040283203125,0.9276123046875
1769060790.2631202,-0.05377197265625,-0.37408447265625,0.0357666015625,0.92510986328125
1769060790.3694093,-0.07330322265625,-0.3819580078125,0.017822265625,0.92108154296875
1769060790.4734704,-0.0889892578125,-0.3909912109375,0.010009765625,0.916015625
1769060790.581704,-0.10540771484375,-0.3963623046875,-0.01123046875,0.91192626953125
1769060790.6928284,-0.11773681640625,-0.39593505859375,-0.0279541015625,0.9102783203125
1769060790.7875826,-0.125,-0.3944091796875,-0.02447509765625,0.91009521484375
1769060790.8915586,-0.1346435546875,-0.39990234375,-0.0384521484375,0.90582275390625
1769060790.9983745,-0.142333984375,-0.41839599609375,-0.04705810546875,0.89581298828125
1769060791.1036813,-0.1494140625,-0.43731689453125,-0.0609130859375,0.88470458984375
1769060791.2113276,-0.159912109375,-0.44873046875,-0.08026123046875,0.8756103515625
1769060791.3155136,-0.1707763671875,-0.45843505859375,-0.106201171875,0.86566162109375
1769060791.4224236,-0.17974853515625,-0.4649658203125,-0.117919921875,0.85882568359375
1769060791.5293424,-0.18994140625,-0.4661865234375,-0.13519287109375,0.8533935546875
1769060791.635712,-0.20361328125,-0.4718017578125,-0.1549072265625,0.84381103515625
1769060791.7423038,-0.21343994140625,-0.4771728515625,-0.162353515625,0.8369140625
1769060791.849517,-0.2208251953125,-0.470703125,-0.165283203125,0.83807373046875
1769060791.9565144,-0.23846435546875,-0.45867919921875,-0.18072509765625,0.83673095703125
1769060792.063923,-0.24700927734375,-0.4559326171875,-0.17877197265625,0.836181640625
1769060792.1696427,-0.25286865234375,-0.4534912109375,-0.18231201171875,0.8349609375
1769060792.2744586,-0.255859375,-0.44268798828125,-0.1737060546875,0.8416748046875
1769060792.3799317,-0.25384521484375,-0.41241455078125,-0.159912109375,0.86016845703125
1769060792.4866064,-0.26025390625,-0.39727783203125,-0.158935546875,0.86553955078125
1769060792.5923154,-0.26312255859375,-0.37799072265625,-0.1568603515625,0.8736572265625
1769060792.6976233,-0.2666015625,-0.35595703125,-0.14532470703125,0.8837890625
1769060792.8048103,-0.26922607421875,-0.3409423828125,-0.12066650390625,0.892578125
1769060792.9119484,-0.27203369140625,-0.32342529296875,-0.107421875,0.89990234375
1769060793.018263,-0.275634765625,-0.308349609375,-0.09490966796875,0.905517578125
1769060793.125051,-0.27874755859375,-0.29107666015625,-0.08245849609375,0.9114990234375
1769060793.2298882,-0.28192138671875,-0.2752685546875,-0.06793212890625,0.91656494140625
1769060793.3339589,-0.29034423828125,-0.2542724609375,-0.06634521484375,0.920166015625
1769060793.4391801,-0.2938232421875,-0.24169921875,-0.0626220703125,0.92266845703125
1769060793.5456793,-0.300537109375,-0.23004150390625,-0.06365966796875,0.92340087890625
1769060793.650454,-0.30706787109375,-0.2205810546875,-0.0596923828125,0.923828125
1769060793.7549257,-0.30950927734375,-0.21527099609375,-0.06011962890625,0.92425537109375
1769060793.8586924,-0.3121337890625,-0.2130126953125,-0.0611572265625,0.923828125
1769060793.9641871,-0.31414794921875,-0.210205078125,-0.06402587890625,0.923583984375
1769060794.066595,-0.3155517578125,-0.20697021484375,-0.06256103515625,0.9239501953125
1769060794.1703005,-0.31610107421875,-0.20465087890625,-0.06207275390625,0.92431640625
1769060794.2738614,-0.31390380859375,-0.21075439453125,-0.0728759765625,0.92291259765625
1769060794.378072,-0.3084716796875,-0.234375,-0.09185791015625,0.91729736328125
1769060794.4802692,-0.29278564453125,-0.26971435546875,-0.1068115234375,0.9111328125
1769060794.5863903,-0.27923583984375,-0.31195068359375,-0.1260986328125,0.89935302734375
1769060794.6918218,-0.26708984375,-0.35235595703125,-0.1273193359375,0.88787841796875
1769060794.797531,-0.2442626953125,-0.38916015625,-0.11346435546875,0.88873291015625
1769060794.9006395,-0.22808837890625,-0.40643310546875,-0.10791015625,0.878173828125
1769060795.0078642,-0.22589111328125,-0.41632080078125,-0.112060546875,0.87353515625
1769060795.1145084,-0.22265625,-0.43084716796875,-0.10589599609375,0.86810302734375
1769060795.2210312,-0.23828125,-0.43792724609375,-0.08197021484375,0.86297607421875
1769060795.3271334,-0.26214599609375,-0.43341064453125,-0.0712890625,0.8592529296875
1769060795.434352,-0.28314208984375,-0.40936279296875,-0.0882568359375,0.86279296875
1769060795.5397136,-0.30389404296875,-0.37353515625,-0.10504150390625,0.8701171875
1769060795.6469438,-0.32708740234375,-0.341552734375,-0.114990234375,0.87359619140625
1769060795.7568023,-0.343017578125,-0.3131103515625,-0.13299560546875,0.87554931640625
1769060795.8488271,-0.33929443359375,-0.29150390625,-0.13983154296875,0.88336181640625
1769060795.9509678,-0.329833984375,-0.27801513671875,-0.13702392578125,0.8917236328125
1769060796.0411165,-0.32025146484375,-0.26873779296875,-0.13409423828125,0.8984375
